{
  "migrations/deploy.ts": 1770464772.2328825,
  "tests/helpers.ts": 1772683116.5154614,
  "tests/01-protocol.ts": 1772971148.728841,
  "tests/05-sdk-curve.ts": 1772971132.1285532,
  "tests/06-sdk-client.ts": 1772683367.102363,
  "tests/02-trading.ts": 1772683225.1678658,
  "tests/04-sdk-pda.ts": 1772683276.0210264,
  "tests/03-fees.ts": 1772683261.2844083,
  "programs/redcircle-protocol/src/constants.rs": 1772970950.9790485,
  "programs/redcircle-protocol/src/error.rs": 1772970946.0344136,
  "programs/redcircle-protocol/src/lib.rs": 1771433448.271665,
  "programs/redcircle-protocol/src/curve.rs": 1770664741.1770897,
  "programs/redcircle-protocol/src/instructions/swap.rs": 1772683025.5531588,
  "programs/redcircle-protocol/src/instructions/initialize.rs": 1772970967.3385444,
  "programs/redcircle-protocol/src/instructions/mod.rs": 1771432602.8864498,
  "programs/redcircle-protocol/src/instructions/referral.rs": 1770665391.5526006,
  "programs/redcircle-protocol/src/instructions/create_pool.rs": 1772970986.3487778,
  "programs/redcircle-protocol/src/instructions/claim_fees.rs": 1772683049.7297456,
  "programs/redcircle-protocol/src/instructions/buy_sell.rs": 1772683014.2041879,
  "programs/redcircle-protocol/src/state/config.rs": 1772970937.8207936,
  "programs/redcircle-protocol/src/state/mod.rs": 1770665363.15324,
  "programs/redcircle-protocol/src/state/pool.rs": 1772970930.4362977,
  "programs/redcircle-protocol/src/state/referral_state.rs": 1770742142.0117717,
  "sdk/src/pda.ts": 1771978721.927825,
  "sdk/src/curve.ts": 1771978721.8831139,
  "sdk/src/types.ts": 1772971025.3329372,
  "sdk/src/constants.ts": 1772971029.8202634,
  "sdk/src/client.ts": 1772971042.3013864,
  "sdk/src/index.ts": 1772971045.8065,
  "sdk/src/idl.ts": 1772971103.8826542,
  "CLAUDE.md": 1775889686.0675092
}